file,url,decision
"src/app/cruise/page.tsx","https://images.unsplash.com/photo-1548574505-5e239809ee19?auto=format&fit=crop&w=1800&q=80","MIGRATE_TO_VERIFIED_LOCAL_ASSET"
"src/app/growth/page.tsx","https://images.unsplash.com/photo-1522199755839-a2bacb67c546?auto=format&fit=crop&w=1800&q=80","MIGRATE_TO_VERIFIED_LOCAL_ASSET"
"src/app/infrastructure/page.tsx","https://images.unsplash.com/photo-1497366216548-37526070297c?auto=format&fit=crop&w=1800&q=80","MIGRATE_TO_VERIFIED_LOCAL_ASSET"
"src/app/language/page.tsx","https://images.unsplash.com/photo-1503676260728-1c00da094a0b?auto=format&fit=crop&w=1800&q=80","MIGRATE_TO_VERIFIED_LOCAL_ASSET"
"src/app/partnership/page.tsx","https://images.unsplash.com/photo-1560472354-b33ff0c44a43?auto=format&fit=crop&w=1800&q=80","MIGRATE_TO_VERIFIED_LOCAL_ASSET"
"src/components/programs/DomesticProgramsView.tsx","https://images.unsplash.com/photo-1507525428034-b723cf961d3e?auto=format&fit=crop&w=1800&q=85","MIGRATE_TO_VERIFIED_LOCAL_ASSET"
"src/components/programs/GlobalProgramsView.tsx","https://images.unsplash.com/photo-1488646953014-85cb44e25828?auto=format&fit=crop&w=1800&q=85","MIGRATE_TO_VERIFIED_LOCAL_ASSET"
"src/components/programs/MarketProgramsView.tsx","https://images.unsplash.com/photo-1542051841857-5f90071e7989?auto=format&fit=crop&w=600&q=70","MIGRATE_TO_VERIFIED_LOCAL_ASSET"
"src/components/programs/MarketProgramsView.tsx","https://images.unsplash.com/photo-1583417319070-4a69db38a482?auto=format&fit=crop&w=600&q=70","MIGRATE_TO_VERIFIED_LOCAL_ASSET"
"src/components/programs/MarketProgramsView.tsx","https://images.unsplash.com/photo-1519501025264-65ba15a82390?auto=format&fit=crop&w=600&q=70","MIGRATE_TO_VERIFIED_LOCAL_ASSET"
"src/components/programs/MarketProgramsView.tsx","https://images.unsplash.com/photo-1559592413-7cec4d0cae2b?auto=format&fit=crop&w=1800&q=85","MIGRATE_TO_VERIFIED_LOCAL_ASSET"
"src/components/programs/YangyangReportView.tsx","https://images.unsplash.com/photo-1473116763249-2faaef81ccda?auto=format&fit=crop&w=1800&q=85","MIGRATE_TO_VERIFIED_LOCAL_ASSET"
"src/lib/affiliate/destinations.ts","https://images.unsplash.com/photo-1540959733332-eab4deabeeaf?auto=format&fit=crop&w=700&q=80","MIGRATE_TO_VERIFIED_LOCAL_ASSET"
"src/lib/affiliate/destinations.ts","https://images.unsplash.com/photo-1590559899731-a382839e5549?auto=format&fit=crop&w=700&q=80","MIGRATE_TO_VERIFIED_LOCAL_ASSET"
"src/lib/affiliate/destinations.ts","https://images.unsplash.com/photo-1533050487297-09b450131914?auto=format&fit=crop&w=700&q=80","MIGRATE_TO_VERIFIED_LOCAL_ASSET"
"src/lib/affiliate/destinations.ts","https://images.unsplash.com/photo-1559592413-7cec4d0cae2b?auto=format&fit=crop&w=700&q=80","MIGRATE_TO_VERIFIED_LOCAL_ASSET"
"src/lib/affiliate/destinations.ts","https://images.unsplash.com/photo-1583417319070-4a69db38a482?auto=format&fit=crop&w=700&q=80","MIGRATE_TO_VERIFIED_LOCAL_ASSET"
"src/lib/affiliate/destinations.ts","https://images.unsplash.com/photo-1537996194471-e657df975ab4?auto=format&fit=crop&w=700&q=80","MIGRATE_TO_VERIFIED_LOCAL_ASSET"
"src/lib/affiliate/destinations.ts","https://images.unsplash.com/photo-1548707309-dcebeab9ea9b?auto=format&fit=crop&w=700&q=80","MIGRATE_TO_VERIFIED_LOCAL_ASSET"
"src/lib/affiliate/destinations.ts","https://images.unsplash.com/photo-1502680390469-be75c86b636f?auto=format&fit=crop&w=700&q=80","MIGRATE_TO_VERIFIED_LOCAL_ASSET"
"src/lib/affiliate/destinations.ts","https://images.unsplash.com/photo-1473116763249-2faaef81ccda?auto=format&fit=crop&w=700&q=80","MIGRATE_TO_VERIFIED_LOCAL_ASSET"
"src/lib/affiliate/destinations.ts","https://images.unsplash.com/photo-1545569341-9eb8b30979d9?auto=format&fit=crop&w=700&q=80","MIGRATE_TO_VERIFIED_LOCAL_ASSET"
"src/lib/affiliate/destinations.ts","https://images.unsplash.com/photo-1507525428034-b723cf961d3e?auto=format&fit=crop&w=700&q=80","MIGRATE_TO_VERIFIED_LOCAL_ASSET"
"src/lib/affiliate/destinations.ts","https://images.unsplash.com/photo-1512553353614-82a7370096dc?auto=format&fit=crop&w=700&q=80","MIGRATE_TO_VERIFIED_LOCAL_ASSET"
"src/lib/affiliate/destinations.ts","https://images.unsplash.com/photo-1508009603885-50cf7c579365?auto=format&fit=crop&w=700&q=80","MIGRATE_TO_VERIFIED_LOCAL_ASSET"
"src/lib/affiliate/destinations.ts","https://images.unsplash.com/photo-1617653202545-931490e8d7e7?auto=format&fit=crop&w=700&q=80","MIGRATE_TO_VERIFIED_LOCAL_ASSET"
"src/lib/affiliate/destinations.ts","https://images.unsplash.com/photo-1573790387438-4da905039392?auto=format&fit=crop&w=700&q=80","MIGRATE_TO_VERIFIED_LOCAL_ASSET"
"src/lib/affiliate/destinations.ts","https://images.unsplash.com/photo-1470004914212-05527e49370b?auto=format&fit=crop&w=700&q=80","MIGRATE_TO_VERIFIED_LOCAL_ASSET"
"src/lib/affiliate/destinations.ts","https://images.unsplash.com/photo-1525625293386-3f8f99389edd?auto=format&fit=crop&w=700&q=80","MIGRATE_TO_VERIFIED_LOCAL_ASSET"
"src/lib/affiliate/destinations.ts","https://images.unsplash.com/photo-1517154421773-0529f29ea451?auto=format&fit=crop&w=700&q=80","MIGRATE_TO_VERIFIED_LOCAL_ASSET"
"src/lib/affiliate/destinations.ts","https://images.unsplash.com/photo-1601042879364-f3947d3f9c16?auto=format&fit=crop&w=700&q=80","MIGRATE_TO_VERIFIED_LOCAL_ASSET"
"src/lib/affiliate/destinations.ts","https://images.unsplash.com/photo-1544367567-0f2fcb009e0b?auto=format&fit=crop&w=700&q=80","MIGRATE_TO_VERIFIED_LOCAL_ASSET"
"src/lib/affiliate/destinations.ts","https://images.unsplash.com/photo-1506973035872-a4ec16b8e8d9?auto=format&fit=crop&w=700&q=80","MIGRATE_TO_VERIFIED_LOCAL_ASSET"
"src/lib/affiliate/destinations.ts","https://images.unsplash.com/photo-1497366216548-37526070297c?auto=format&fit=crop&w=700&q=80","MIGRATE_TO_VERIFIED_LOCAL_ASSET"
"src/lib/affiliate/destinations.ts","https://images.unsplash.com/photo-1486406146926-c627a92ad1ab?auto=format&fit=crop&w=700&q=80","MIGRATE_TO_VERIFIED_LOCAL_ASSET"
"src/lib/affiliate/destinations.ts","https://images.unsplash.com/photo-1518599807935-37015b9cefcb?auto=format&fit=crop&w=700&q=80","MIGRATE_TO_VERIFIED_LOCAL_ASSET"
"src/lib/affiliate/destinations.ts","https://images.unsplash.com/photo-1546874177-9e664107314e?auto=format&fit=crop&w=700&q=80","MIGRATE_TO_VERIFIED_LOCAL_ASSET"
"src/lib/affiliate/destinations.ts","https://images.unsplash.com/photo-1613516392416-1a621fb69004?auto=format&fit=crop&w=700&q=80","MIGRATE_TO_VERIFIED_LOCAL_ASSET"
"src/lib/affiliate/destinations.ts","https://images.unsplash.com/photo-1601225612316-b4733315a717?auto=format&fit=crop&w=700&q=80","MIGRATE_TO_VERIFIED_LOCAL_ASSET"
"src/lib/affiliate/destinations.ts","https://images.unsplash.com/photo-1747546314703-6c4fc20c5a37?auto=format&fit=crop&w=700&q=80","MIGRATE_TO_VERIFIED_LOCAL_ASSET"
"src/lib/affiliate/destinations.ts","https://images.unsplash.com/photo-1504109586057-7a2ae83d1338?auto=format&fit=crop&w=700&q=80","MIGRATE_TO_VERIFIED_LOCAL_ASSET"
"src/lib/affiliate/destinations.ts","https://images.unsplash.com/photo-1591040973846-61888c2de010?auto=format&fit=crop&w=700&q=80","MIGRATE_TO_VERIFIED_LOCAL_ASSET"
"src/lib/affiliate/destinations.ts","https://images.unsplash.com/photo-1712497867605-cd8d80574245?auto=format&fit=crop&w=700&q=80","MIGRATE_TO_VERIFIED_LOCAL_ASSET"
"src/lib/affiliate/destinations.ts","https://images.unsplash.com/photo-1528360983277-13d401cdc186?auto=format&fit=crop&w=700&q=80","MIGRATE_TO_VERIFIED_LOCAL_ASSET"
"src/lib/affiliate/destinations.ts","https://images.unsplash.com/photo-1414235077428-338989a2e8c0?auto=format&fit=crop&w=700&q=80","MIGRATE_TO_VERIFIED_LOCAL_ASSET"
"src/lib/affiliate/destinations.ts","https://images.unsplash.com/photo-1583417319070-4a69db38a482?auto=format&fit=crop&w=700&q=80","MIGRATE_TO_VERIFIED_LOCAL_ASSET"
"src/lib/affiliate/destinations.ts","https://images.unsplash.com/photo-1502680390469-be75c86b636f?auto=format&fit=crop&w=700&q=80","MIGRATE_TO_VERIFIED_LOCAL_ASSET"
"src/lib/affiliate/destinations.ts","https://images.unsplash.com/photo-1540959733332-eab4deabeeaf?auto=format&fit=crop&w=700&q=80","MIGRATE_TO_VERIFIED_LOCAL_ASSET"
"src/lib/affiliate/destinations.ts","https://images.unsplash.com/photo-1559592413-7cec4d0cae2b?auto=format&fit=crop&w=700&q=80","MIGRATE_TO_VERIFIED_LOCAL_ASSET"
"src/lib/affiliate/destinations.ts","https://images.unsplash.com/photo-1537996194471-e657df975ab4?auto=format&fit=crop&w=700&q=80","MIGRATE_TO_VERIFIED_LOCAL_ASSET"
"src/lib/affiliate/destinations.ts","https://images.unsplash.com/photo-1548707309-dcebeab9ea9b?auto=format&fit=crop&w=700&q=80","MIGRATE_TO_VERIFIED_LOCAL_ASSET"
"src/lib/affiliate/destinations.ts","https://images.unsplash.com/photo-1517154421773-0529f29ea451?auto=format&fit=crop&w=700&q=80","MIGRATE_TO_VERIFIED_LOCAL_ASSET"
"src/lib/affiliate/destinations.ts","https://images.unsplash.com/photo-1488646953014-85cb44e25828?auto=format&fit=crop&w=700&q=80","MIGRATE_TO_VERIFIED_LOCAL_ASSET"
"src/lib/affiliate/destinations.ts","https://images.unsplash.com/photo-1677442135703-1787eea5ce01?auto=format&fit=crop&w=700&q=80","MIGRATE_TO_VERIFIED_LOCAL_ASSET"
"src/lib/affiliate/destinations.ts","https://images.unsplash.com/photo-1552581234-26160f608093?auto=format&fit=crop&w=700&q=80","MIGRATE_TO_VERIFIED_LOCAL_ASSET"
"src/lib/affiliate/destinations.ts","https://images.unsplash.com/photo-1522199755839-a2bacb67c546?auto=format&fit=crop&w=700&q=80","MIGRATE_TO_VERIFIED_LOCAL_ASSET"
"src/lib/affiliate/destinations.ts","https://images.unsplash.com/photo-1497366216548-37526070297c?auto=format&fit=crop&w=700&q=80","MIGRATE_TO_VERIFIED_LOCAL_ASSET"
"src/lib/affiliate/destinations.ts","https://images.unsplash.com/photo-1503676260728-1c00da094a0b?auto=format&fit=crop&w=700&q=80","MIGRATE_TO_VERIFIED_LOCAL_ASSET"
"src/lib/affiliate/destinations.ts","https://images.unsplash.com/photo-1560472354-b33ff0c44a43?auto=format&fit=crop&w=700&q=80","MIGRATE_TO_VERIFIED_LOCAL_ASSET"
"src/lib/affiliate/featured.ts","https://images.unsplash.com/photo-1566073771259-6a8506099945?auto=format&fit=crop&w=700&q=80","MIGRATE_TO_VERIFIED_LOCAL_ASSET"
"src/lib/affiliate/featured.ts","https://images.unsplash.com/photo-1631049307264-da0ec9d70304?auto=format&fit=crop&w=700&q=80","MIGRATE_TO_VERIFIED_LOCAL_ASSET"
"src/lib/affiliate/featured.ts","https://images.unsplash.com/photo-1470004914212-05527e49370b?auto=format&fit=crop&w=700&q=80","MIGRATE_TO_VERIFIED_LOCAL_ASSET"
"src/lib/affiliate/featured.ts","https://images.unsplash.com/photo-1548574505-5e239809ee19?auto=format&fit=crop&w=700&q=80","MIGRATE_TO_VERIFIED_LOCAL_ASSET"
"src/lib/affiliate/featured.ts","https://images.unsplash.com/photo-1599640842225-85d111c60e6b?auto=format&fit=crop&w=700&q=80","MIGRATE_TO_VERIFIED_LOCAL_ASSET"
"src/lib/affiliate/featured.ts","https://images.unsplash.com/photo-1677442135703-1787eea5ce01?auto=format&fit=crop&w=700&q=80","MIGRATE_TO_VERIFIED_LOCAL_ASSET"
"src/lib/affiliate/featured.ts","https://images.unsplash.com/photo-1552581234-26160f608093?auto=format&fit=crop&w=700&q=80","MIGRATE_TO_VERIFIED_LOCAL_ASSET"
"src/lib/affiliate/featured.ts","https://images.unsplash.com/photo-1511632765486-a01980e01a18?auto=format&fit=crop&w=700&q=80","MIGRATE_TO_VERIFIED_LOCAL_ASSET"
"src/lib/affiliate/featured.ts","https://images.unsplash.com/photo-1535131749006-b7f58c99034b?auto=format&fit=crop&w=700&q=80","MIGRATE_TO_VERIFIED_LOCAL_ASSET"
"src/lib/affiliate/featured.ts","https://images.unsplash.com/photo-1587174486073-ae5e5cff23aa?auto=format&fit=crop&w=700&q=80","MIGRATE_TO_VERIFIED_LOCAL_ASSET"
"src/lib/affiliate/featured.ts","https://images.unsplash.com/photo-1544367567-0f2fcb009e0b?auto=format&fit=crop&w=700&q=80","MIGRATE_TO_VERIFIED_LOCAL_ASSET"
"src/lib/affiliate/featured.ts","https://images.unsplash.com/photo-1506126613408-eca07ce68773?auto=format&fit=crop&w=700&q=80","MIGRATE_TO_VERIFIED_LOCAL_ASSET"
"src/lib/affiliate/featured.ts","https://images.unsplash.com/photo-1459865264687-595d652de67e?auto=format&fit=crop&w=700&q=80","MIGRATE_TO_VERIFIED_LOCAL_ASSET"
"src/lib/affiliate/featured.ts","https://images.unsplash.com/photo-1512553353614-82a7370096dc?auto=format&fit=crop&w=700&q=80","MIGRATE_TO_VERIFIED_LOCAL_ASSET"
"src/lib/affiliate/featured.ts","https://images.unsplash.com/photo-1512553353614-82a7370096dc?auto=format&fit=crop&w=700&q=80","MIGRATE_TO_VERIFIED_LOCAL_ASSET"
"src/lib/affiliate/featured.ts","https://images.unsplash.com/photo-1559592413-7cec4d0cae2b?auto=format&fit=crop&w=700&q=80","MIGRATE_TO_VERIFIED_LOCAL_ASSET"
"src/lib/affiliate/featured.ts","https://images.unsplash.com/photo-1517154421773-0529f29ea451?auto=format&fit=crop&w=700&q=80","MIGRATE_TO_VERIFIED_LOCAL_ASSET"
"src/lib/affiliate/featured.ts","https://images.unsplash.com/photo-1545569341-9eb8b30979d9?auto=format&fit=crop&w=700&q=80","MIGRATE_TO_VERIFIED_LOCAL_ASSET"
"src/lib/affiliate/featured.ts","https://images.unsplash.com/photo-1493780474015-ba834fd0ce2f?auto=format&fit=crop&w=700&q=80","MIGRATE_TO_VERIFIED_LOCAL_ASSET"
"src/lib/affiliate/featured.ts","https://images.unsplash.com/photo-1590559899731-a382839e5549?auto=format&fit=crop&w=700&q=80","MIGRATE_TO_VERIFIED_LOCAL_ASSET"
"src/lib/affiliate/featured.ts","https://images.unsplash.com/photo-1414235077428-338989a2e8c0?auto=format&fit=crop&w=700&q=80","MIGRATE_TO_VERIFIED_LOCAL_ASSET"
"src/lib/affiliate/items.ts","https://images.unsplash.com/photo-1566073771259-6a8506099945?auto=format&fit=crop&w=700&q=80","MIGRATE_TO_VERIFIED_LOCAL_ASSET"
"src/lib/affiliate/items.ts","https://images.unsplash.com/photo-1631049307264-da0ec9d70304?auto=format&fit=crop&w=700&q=80","MIGRATE_TO_VERIFIED_LOCAL_ASSET"
"src/lib/affiliate/items.ts","https://images.unsplash.com/photo-1526481280693-3bfa7568e0f3?auto=format&fit=crop&w=700&q=80","MIGRATE_TO_VERIFIED_LOCAL_ASSET"
"src/lib/affiliate/items.ts","https://images.unsplash.com/photo-1512941937669-90a1b58e7e9c?auto=format&fit=crop&w=700&q=80","MIGRATE_TO_VERIFIED_LOCAL_ASSET"
"src/lib/affiliate/items.ts","https://images.unsplash.com/photo-1503676260728-1c00da094a0b?auto=format&fit=crop&w=700&q=80","MIGRATE_TO_VERIFIED_LOCAL_ASSET"
"src/lib/affiliate/items.ts","https://images.unsplash.com/photo-1469854523086-cc02fe5d8800?auto=format&fit=crop&w=700&q=80","MIGRATE_TO_VERIFIED_LOCAL_ASSET"
"src/lib/affiliate/items.ts","https://images.unsplash.com/photo-1520250497591-112f2f40a3f4?auto=format&fit=crop&w=700&q=80","MIGRATE_TO_VERIFIED_LOCAL_ASSET"
"src/lib/affiliate/items.ts","https://images.unsplash.com/photo-1512941937669-90a1b58e7e9c?auto=format&fit=crop&w=700&q=80","MIGRATE_TO_VERIFIED_LOCAL_ASSET"
"src/lib/affiliate/items.ts","https://images.unsplash.com/photo-1497366216548-37526070297c?auto=format&fit=crop&w=700&q=80","MIGRATE_TO_VERIFIED_LOCAL_ASSET"
"src/lib/affiliate/items.ts","https://images.unsplash.com/photo-1473116763249-2faaef81ccda?auto=format&fit=crop&w=700&q=80","MIGRATE_TO_VERIFIED_LOCAL_ASSET"
"src/lib/affiliate/items.ts","https://images.unsplash.com/photo-1517154421773-0529f29ea451?auto=format&fit=crop&w=700&q=80","MIGRATE_TO_VERIFIED_LOCAL_ASSET"
"src/lib/affiliate/items.ts","https://images.unsplash.com/photo-1524492412937-b28074a5d7da?auto=format&fit=crop&w=600&q=80","MIGRATE_TO_VERIFIED_LOCAL_ASSET"
"src/lib/affiliate/items.ts","https://images.unsplash.com/photo-1512941937669-90a1b58e7e9c?auto=format&fit=crop&w=600&q=80","MIGRATE_TO_VERIFIED_LOCAL_ASSET"
"src/lib/affiliate/items.ts","https://images.unsplash.com/photo-1559592413-7cec4d0cae2b?auto=format&fit=crop&w=600&q=80","MIGRATE_TO_VERIFIED_LOCAL_ASSET"
"src/lib/affiliate/items.ts","https://images.unsplash.com/photo-1502680390469-be75c86b636f?auto=format&fit=crop&w=600&q=80","MIGRATE_TO_VERIFIED_LOCAL_ASSET"
"src/lib/finder.ts","https://images.unsplash.com/photo-${id}?auto=format&fit=crop&w=700&q=80","MIGRATE_TO_VERIFIED_LOCAL_ASSET"
"src/lib/i18n/data.ts","https://images.unsplash.com/photo-1507525428034-b723cf961d3e?auto=format&fit=crop&w=800&q=80","MIGRATE_TO_VERIFIED_LOCAL_ASSET"
"src/lib/i18n/data.ts","https://images.unsplash.com/photo-1473116763249-2faaef81ccda?auto=format&fit=crop&w=800&q=80","MIGRATE_TO_VERIFIED_LOCAL_ASSET"
"src/lib/i18n/data.ts","https://images.unsplash.com/photo-1617653202545-931490e8d7e7?auto=format&fit=crop&w=800&q=80","MIGRATE_TO_VERIFIED_LOCAL_ASSET"
"src/lib/i18n/data.ts","https://images.unsplash.com/photo-1537996194471-e657df975ab4?auto=format&fit=crop&w=800&q=80","MIGRATE_TO_VERIFIED_LOCAL_ASSET"
"src/lib/i18n/data.ts","https://images.unsplash.com/photo-1512553353614-82a7370096dc?auto=format&fit=crop&w=800&q=80","MIGRATE_TO_VERIFIED_LOCAL_ASSET"
"src/lib/i18n/data.ts","https://images.unsplash.com/photo-1559592413-7cec4d0cae2b?auto=format&fit=crop&w=800&q=80","MIGRATE_TO_VERIFIED_LOCAL_ASSET"
"src/lib/i18n/data.ts","https://images.unsplash.com/photo-1506973035872-a4ec16b8e8d9?auto=format&fit=crop&w=800&q=80","MIGRATE_TO_VERIFIED_LOCAL_ASSET"
"src/lib/i18n/data.ts","https://images.unsplash.com/photo-1497366216548-37526070297c?auto=format&fit=crop&w=800&q=80","MIGRATE_TO_VERIFIED_LOCAL_ASSET"
"src/lib/i18n/data.ts","https://images.unsplash.com/photo-1502680390469-be75c86b636f?auto=format&fit=crop&w=800&q=80","MIGRATE_TO_VERIFIED_LOCAL_ASSET"
"src/lib/i18n/data.ts","https://images.unsplash.com/photo-1473116763249-2faaef81ccda?auto=format&fit=crop&w=800&q=80","MIGRATE_TO_VERIFIED_LOCAL_ASSET"
"src/lib/i18n/data.ts","https://images.unsplash.com/photo-1476514525535-07fb3b4ae5f1?auto=format&fit=crop&w=800&q=80","MIGRATE_TO_VERIFIED_LOCAL_ASSET"
"src/lib/i18n/data.ts","https://images.unsplash.com/photo-1559592413-7cec4d0cae2b?auto=format&fit=crop&w=800&q=80","MIGRATE_TO_VERIFIED_LOCAL_ASSET"
"src/lib/i18n/data.ts","https://images.unsplash.com/photo-1551632811-561732d1e306?auto=format&fit=crop&w=800&q=80","MIGRATE_TO_VERIFIED_LOCAL_ASSET"
"src/lib/i18n/data.ts","https://images.unsplash.com/photo-1495474472287-4d71bcdd2085?auto=format&fit=crop&w=800&q=80","MIGRATE_TO_VERIFIED_LOCAL_ASSET"
"src/lib/i18n/data.ts","https://images.unsplash.com/photo-1515187029135-18ee286d815b?auto=format&fit=crop&w=800&q=80","MIGRATE_TO_VERIFIED_LOCAL_ASSET"
"src/lib/i18n/data.ts","https://images.unsplash.com/photo-1506126613408-eca07ce68773?auto=format&fit=crop&w=800&q=80","MIGRATE_TO_VERIFIED_LOCAL_ASSET"
"src/lib/i18n/data.ts","https://images.unsplash.com/photo-1502680390469-be75c86b636f?auto=format&fit=crop&w=800&q=80","MIGRATE_TO_VERIFIED_LOCAL_ASSET"
"src/lib/i18n/data.ts","https://images.unsplash.com/photo-1545569341-9eb8b30979d9?auto=format&fit=crop&w=800&q=80","MIGRATE_TO_VERIFIED_LOCAL_ASSET"
"src/lib/i18n/data.ts","https://images.unsplash.com/photo-1573790387438-4da905039392?auto=format&fit=crop&w=800&q=80","MIGRATE_TO_VERIFIED_LOCAL_ASSET"
"src/lib/i18n/data.ts","https://images.unsplash.com/photo-1540959733332-eab4deabeeaf?auto=format&fit=crop&w=800&q=80","MIGRATE_TO_VERIFIED_LOCAL_ASSET"
"src/lib/i18n/data.ts","https://images.unsplash.com/photo-1501854140801-50d01698950b?auto=format&fit=crop&w=800&q=80","MIGRATE_TO_VERIFIED_LOCAL_ASSET"
"src/lib/i18n/data.ts","https://images.unsplash.com/photo-1560814304-4f05b62af116?auto=format&fit=crop&w=800&q=80","MIGRATE_TO_VERIFIED_LOCAL_ASSET"
"src/lib/i18n/data.ts","https://images.unsplash.com/photo-1548574505-5e239809ee19?auto=format&fit=crop&w=800&q=80","MIGRATE_TO_VERIFIED_LOCAL_ASSET"
"src/lib/i18n/data.ts","https://images.unsplash.com/photo-1599640842225-85d111c60e6b?auto=format&fit=crop&w=800&q=80","MIGRATE_TO_VERIFIED_LOCAL_ASSET"
"src/lib/i18n/data.ts","https://images.unsplash.com/photo-1548707309-dcebeab9ea9b?auto=format&fit=crop&w=800&q=80","MIGRATE_TO_VERIFIED_LOCAL_ASSET"
"src/lib/i18n/data.ts","https://images.unsplash.com/photo-1540959733332-eab4deabeeaf?auto=format&fit=crop&w=800&q=80","MIGRATE_TO_VERIFIED_LOCAL_ASSET"
"src/lib/i18n/data.ts","https://images.unsplash.com/photo-1508009603885-50cf7c579365?auto=format&fit=crop&w=800&q=80","MIGRATE_TO_VERIFIED_LOCAL_ASSET"
"src/lib/i18n/data.ts","https://images.unsplash.com/photo-1559592413-7cec4d0cae2b?auto=format&fit=crop&w=800&q=80","MIGRATE_TO_VERIFIED_LOCAL_ASSET"
"src/lib/i18n/data.ts","https://images.unsplash.com/photo-1537996194471-e657df975ab4?auto=format&fit=crop&w=800&q=80","MIGRATE_TO_VERIFIED_LOCAL_ASSET"
"src/lib/i18n/data.ts","https://images.unsplash.com/photo-1508009603885-50cf7c579365?auto=format&fit=crop&w=800&q=80","MIGRATE_TO_VERIFIED_LOCAL_ASSET"
"src/lib/i18n/data.ts","https://images.unsplash.com/photo-1540959733332-eab4deabeeaf?auto=format&fit=crop&w=800&q=80","MIGRATE_TO_VERIFIED_LOCAL_ASSET"
"src/lib/i18n/data.ts","https://images.unsplash.com/photo-1545569341-9eb8b30979d9?auto=format&fit=crop&w=800&q=80","MIGRATE_TO_VERIFIED_LOCAL_ASSET"
"src/lib/i18n/data.ts","https://images.unsplash.com/photo-1559592413-7cec4d0cae2b?auto=format&fit=crop&w=800&q=80","MIGRATE_TO_VERIFIED_LOCAL_ASSET"
"src/lib/i18n/data.ts","https://images.unsplash.com/photo-1573790387438-4da905039392?auto=format&fit=crop&w=800&q=80","MIGRATE_TO_VERIFIED_LOCAL_ASSET"
"src/lib/i18n/data.ts","https://images.unsplash.com/photo-1506973035872-a4ec16b8e8d9?auto=format&fit=crop&w=800&q=80","MIGRATE_TO_VERIFIED_LOCAL_ASSET"
"src/lib/i18n/data.ts","https://images.unsplash.com/photo-1535131749006-b7f58c99034b?auto=format&fit=crop&w=800&q=80","MIGRATE_TO_VERIFIED_LOCAL_ASSET"
"src/lib/i18n/data.ts","https://images.unsplash.com/photo-1507525428034-b723cf961d3e?auto=format&fit=crop&w=800&q=80","MIGRATE_TO_VERIFIED_LOCAL_ASSET"
"src/lib/i18n/data.ts","https://images.unsplash.com/photo-1473116763249-2faaef81ccda?auto=format&fit=crop&w=800&q=80","MIGRATE_TO_VERIFIED_LOCAL_ASSET"
"src/lib/i18n/data.ts","https://images.unsplash.com/photo-1506905925346-21bda4d32df4?auto=format&fit=crop&w=800&q=80","MIGRATE_TO_VERIFIED_LOCAL_ASSET"
"src/lib/i18n/data.ts","https://images.unsplash.com/photo-1517154421773-0529f29ea451?auto=format&fit=crop&w=800&q=80","MIGRATE_TO_VERIFIED_LOCAL_ASSET"
"src/lib/i18n/data.ts","https://images.unsplash.com/photo-1559592413-7cec4d0cae2b?auto=format&fit=crop&w=800&q=80","MIGRATE_TO_VERIFIED_LOCAL_ASSET"
"src/lib/i18n/data.ts","https://images.unsplash.com/photo-1506126613408-eca07ce68773?auto=format&fit=crop&w=800&q=80","MIGRATE_TO_VERIFIED_LOCAL_ASSET"
"src/lib/i18n/data.ts","https://images.unsplash.com/photo-1515187029135-18ee286d815b?auto=format&fit=crop&w=800&q=80","MIGRATE_TO_VERIFIED_LOCAL_ASSET"
"src/lib/i18n/data.ts","https://images.unsplash.com/photo-1677442135703-1787eea5ce01?auto=format&fit=crop&w=800&q=80","MIGRATE_TO_VERIFIED_LOCAL_ASSET"
"src/lib/i18n/data.ts","https://images.unsplash.com/photo-1414235077428-338989a2e8c0?auto=format&fit=crop&w=800&q=80","MIGRATE_TO_VERIFIED_LOCAL_ASSET"
"src/lib/i18n/data.ts","https://images.unsplash.com/photo-1535131749006-b7f58c99034b?auto=format&fit=crop&w=800&q=80","MIGRATE_TO_VERIFIED_LOCAL_ASSET"
"src/lib/i18n/data.ts","https://images.unsplash.com/photo-1587174486073-ae5e5cff23aa?auto=format&fit=crop&w=800&q=80","MIGRATE_TO_VERIFIED_LOCAL_ASSET"
"src/lib/i18n/data.ts","https://images.unsplash.com/photo-1459865264687-595d652de67e?auto=format&fit=crop&w=800&q=80","MIGRATE_TO_VERIFIED_LOCAL_ASSET"
"src/lib/i18n/data.ts","https://images.unsplash.com/photo-1507525428034-b723cf961d3e?auto=format&fit=crop&w=700&q=80","MIGRATE_TO_VERIFIED_LOCAL_ASSET"
"src/lib/i18n/data.ts","https://images.unsplash.com/photo-1517154421773-0529f29ea451?auto=format&fit=crop&w=700&q=80","MIGRATE_TO_VERIFIED_LOCAL_ASSET"
"src/lib/i18n/data.ts","https://images.unsplash.com/photo-1473116763249-2faaef81ccda?auto=format&fit=crop&w=700&q=80","MIGRATE_TO_VERIFIED_LOCAL_ASSET"
"src/lib/i18n/data.ts","https://images.unsplash.com/photo-1501854140801-50d01698950b?auto=format&fit=crop&w=700&q=80","MIGRATE_TO_VERIFIED_LOCAL_ASSET"
"src/lib/i18n/data.ts","https://images.unsplash.com/photo-1500382017468-9049fed747ef?auto=format&fit=crop&w=700&q=80","MIGRATE_TO_VERIFIED_LOCAL_ASSET"
"src/lib/i18n/data.ts","https://images.unsplash.com/photo-1502680390469-be75c86b636f?auto=format&fit=crop&w=700&q=80","MIGRATE_TO_VERIFIED_LOCAL_ASSET"
"src/lib/i18n/data.ts","https://images.unsplash.com/photo-1486406146926-c627a92ad1ab?auto=format&fit=crop&w=700&q=80","MIGRATE_TO_VERIFIED_LOCAL_ASSET"
"src/lib/i18n/data.ts","https://images.unsplash.com/photo-1548574505-5e239809ee19?auto=format&fit=crop&w=700&q=80","MIGRATE_TO_VERIFIED_LOCAL_ASSET"
"src/lib/i18n/data.ts","https://images.unsplash.com/photo-1617653202545-931490e8d7e7?auto=format&fit=crop&w=700&q=80","MIGRATE_TO_VERIFIED_LOCAL_ASSET"
"src/lib/i18n/data.ts","https://images.unsplash.com/photo-1476514525535-07fb3b4ae5f1?auto=format&fit=crop&w=700&q=80","MIGRATE_TO_VERIFIED_LOCAL_ASSET"
"src/lib/i18n/data.ts","https://images.unsplash.com/photo-1505142468610-359e7d316be0?auto=format&fit=crop&w=700&q=80","MIGRATE_TO_VERIFIED_LOCAL_ASSET"
"src/lib/i18n/data.ts","https://images.unsplash.com/photo-1545569341-9eb8b30979d9?auto=format&fit=crop&w=700&q=80","MIGRATE_TO_VERIFIED_LOCAL_ASSET"
"src/lib/i18n/data.ts","https://images.unsplash.com/photo-1520250497591-112f2f40a3f4?auto=format&fit=crop&w=700&q=80","MIGRATE_TO_VERIFIED_LOCAL_ASSET"
"src/lib/media/assets.ts","https://images.unsplash.com/photo-1540959733332-eab4deabeeaf","MIGRATE_TO_VERIFIED_LOCAL_ASSET"
"src/lib/media/assets.ts","https://images.unsplash.com/photo-1537996194471-e657df975ab4","MIGRATE_TO_VERIFIED_LOCAL_ASSET"
"src/lib/media/assets.ts","https://images.unsplash.com/photo-1559592413-7cec4d0cae2b","MIGRATE_TO_VERIFIED_LOCAL_ASSET"
"src/lib/media/assets.ts","https://images.unsplash.com/photo-1506973035872-a4ec16b8e8d9","MIGRATE_TO_VERIFIED_LOCAL_ASSET"
"src/lib/media/assets.ts","https://images.unsplash.com/photo-1517154421773-0529f29ea451","MIGRATE_TO_VERIFIED_LOCAL_ASSET"
"src/lib/media/assets.ts","https://images.unsplash.com/photo-1638591751482-1a7d27fcea15","MIGRATE_TO_VERIFIED_LOCAL_ASSET"
"src/lib/moments.ts","https://images.unsplash.com/photo-${id}?auto=format&fit=crop&w=500&h=800&q=80","MIGRATE_TO_VERIFIED_LOCAL_ASSET"
"src/lib/programs.ts","https://images.unsplash.com/photo-1473116763249-2faaef81ccda?auto=format&fit=crop&w=900&q=80","MIGRATE_TO_VERIFIED_LOCAL_ASSET"
"src/lib/programs.ts","https://images.unsplash.com/photo-1500382017468-9049fed747ef?auto=format&fit=crop&w=900&q=80","MIGRATE_TO_VERIFIED_LOCAL_ASSET"
"src/lib/programs.ts","https://images.unsplash.com/photo-1507525428034-b723cf961d3e?auto=format&fit=crop&w=900&q=80","MIGRATE_TO_VERIFIED_LOCAL_ASSET"
"src/lib/programs.ts","https://images.unsplash.com/photo-1501854140801-50d01698950b?auto=format&fit=crop&w=900&q=80","MIGRATE_TO_VERIFIED_LOCAL_ASSET"
"src/lib/programs.ts","https://images.unsplash.com/photo-1590559899731-a382839e5549?auto=format&fit=crop&w=900&q=80","MIGRATE_TO_VERIFIED_LOCAL_ASSET"
"src/lib/programs.ts","https://images.unsplash.com/photo-1617653202545-931490e8d7e7?auto=format&fit=crop&w=900&q=80","MIGRATE_TO_VERIFIED_LOCAL_ASSET"
"src/lib/themePages.ts","https://images.unsplash.com/photo-1535131749006-b7f58c99034b?auto=format&fit=crop&w=1800&q=85","MIGRATE_TO_VERIFIED_LOCAL_ASSET"
"src/lib/themePages.ts","https://images.unsplash.com/photo-1506126613408-eca07ce68773?auto=format&fit=crop&w=1800&q=85","MIGRATE_TO_VERIFIED_LOCAL_ASSET"
"src/lib/themePages.ts","https://images.unsplash.com/photo-1414235077428-338989a2e8c0?auto=format&fit=crop&w=1800&q=85","MIGRATE_TO_VERIFIED_LOCAL_ASSET"
"src/lib/themePages.ts","https://images.unsplash.com/photo-1515187029135-18ee286d815b?auto=format&fit=crop&w=1800&q=85","MIGRATE_TO_VERIFIED_LOCAL_ASSET"
"src/lib/themePages.ts","https://images.unsplash.com/photo-1459865264687-595d652de67e?auto=format&fit=crop&w=1800&q=85","MIGRATE_TO_VERIFIED_LOCAL_ASSET"
