route,template,locale,score,mobile_score,desktop_score,issues
"/","/","ko","87","90","83","5 simultaneous infinite animations | 7 repeated image placements"
"/about","/about","ko","100","100","100",""
"/apply","/apply","ko","100","100","100",""
"/brand/social-kit","/brand/social-kit","ko","100","100","100",""
"/business","/business","ko","97","93","100","long static journey without editorial pacing"
"/campaign/japan-short-stay","/campaign/japan-short-stay","ko","100","100","100",""
"/collections","/collections","ko","100","100","100",""
"/collections/bali-monthstay","/collections/[slug]","ko","100","100","100",""
"/collections/busan-weekend","/collections/[slug]","ko","97","93","100","long static journey without editorial pacing"
"/collections/chiangmai-nomad","/collections/[slug]","ko","100","100","100",""
"/collections/chuseok-short-haul","/collections/[slug]","ko","100","100","100",""
"/collections/fukuoka-3n4d","/collections/[slug]","ko","100","100","100",""
"/collections/japan-onsen-reset","/collections/[slug]","ko","100","100","100",""
"/collections/osaka-foodie","/collections/[slug]","ko","100","100","100",""
"/collections/osaka-friends","/collections/[slug]","ko","100","100","100",""
"/collections/seoul-3n4d","/collections/[slug]","ko","100","100","100",""
"/collections/singapore-business","/collections/[slug]","ko","100","100","100",""
"/collections/taipei-workation","/collections/[slug]","ko","100","100","100",""
"/collections/tokyo-allinone","/collections/[slug]","ko","100","100","100",""
"/contact","/contact","ko","100","100","100",""
"/cruise","/cruise","ko","100","100","100",""
"/cruise/bellissima","/cruise/bellissima","ko","100","100","100",""
"/cruise/miracle","/cruise/miracle","ko","100","100","100",""
"/cruise/serena","/cruise/serena","ko","100","100","100",""
"/cruise/world-europa","/cruise/world-europa","ko","97","93","100","long static journey without editorial pacing"
"/destinations","/destinations","ko","100","100","100",""
"/destinations/bali","/destinations/[city]","ko","100","100","100",""
"/destinations/cebu","/destinations/[city]","ko","100","100","100",""
"/destinations/chiangmai","/destinations/[city]","ko","97","93","100","long static journey without editorial pacing"
"/destinations/compare","/destinations/compare","ko","100","100","100",""
"/destinations/danang","/destinations/[city]","ko","100","100","100",""
"/destinations/fukuoka","/destinations/[city]","ko","100","100","100",""
"/destinations/osaka","/destinations/[city]","ko","97","93","100","long static journey without editorial pacing"
"/destinations/sydney","/destinations/[city]","ko","100","100","100",""
"/destinations/tokyo","/destinations/[city]","ko","100","100","100",""
"/en","/:locale","en","82","82","82","5 simultaneous infinite animations | 8 repeated image placements"
"/en/collections","/:locale/collections","en","100","100","100",""
"/en/collections/bali-monthstay","/:locale/collections/[slug]","en","100","100","100",""
"/en/collections/busan-weekend","/:locale/collections/[slug]","en","100","100","100",""
"/en/collections/chiangmai-nomad","/:locale/collections/[slug]","en","100","100","100",""
"/en/collections/chuseok-short-haul","/:locale/collections/[slug]","en","100","100","100",""
"/en/collections/fukuoka-3n4d","/:locale/collections/[slug]","en","100","100","100",""
"/en/collections/japan-onsen-reset","/:locale/collections/[slug]","en","100","100","100",""
"/en/collections/osaka-foodie","/:locale/collections/[slug]","en","100","100","100",""
"/en/collections/osaka-friends","/:locale/collections/[slug]","en","97","93","100","long static journey without editorial pacing"
"/en/collections/seoul-3n4d","/:locale/collections/[slug]","en","100","100","100",""
"/en/collections/singapore-business","/:locale/collections/[slug]","en","100","100","100",""
"/en/collections/taipei-workation","/:locale/collections/[slug]","en","100","100","100",""
"/en/collections/tokyo-allinone","/:locale/collections/[slug]","en","100","100","100",""
"/en/destinations","/:locale/destinations","en","100","100","100",""
"/en/destinations/bali","/:locale/destinations/[city]","en","97","93","100","long static journey without editorial pacing"
"/en/destinations/cebu","/:locale/destinations/[city]","en","100","100","100",""
"/en/destinations/chiangmai","/:locale/destinations/[city]","en","100","100","100",""
"/en/destinations/compare","/:locale/destinations/compare","en","100","100","100",""
"/en/destinations/danang","/:locale/destinations/[city]","en","97","93","100","long static journey without editorial pacing"
"/en/destinations/fukuoka","/:locale/destinations/[city]","en","100","100","100",""
"/en/destinations/osaka","/:locale/destinations/[city]","en","100","100","100",""
"/en/destinations/sydney","/:locale/destinations/[city]","en","100","100","100",""
"/en/destinations/tokyo","/:locale/destinations/[city]","en","97","93","100","long static journey without editorial pacing"
"/en/experiences/itoshima-photo-bus-tour","/:locale/experiences/[slug]","en","93","93","93","long static journey without editorial pacing"
"/en/guide","/:locale/guide","en","100","100","100",""
"/en/guide/bali","/:locale/guide/[city]","en","100","100","100",""
"/en/guide/busan","/:locale/guide/[city]","en","100","100","100",""
"/en/guide/cebu","/:locale/guide/[city]","en","100","100","100",""
"/en/guide/chiangmai","/:locale/guide/[city]","en","100","100","100",""
"/en/guide/danang","/:locale/guide/[city]","en","100","100","100",""
"/en/guide/fukuoka","/:locale/guide/[city]","en","100","100","100",""
"/en/guide/jeju","/:locale/guide/[city]","en","100","100","100",""
"/en/guide/osaka","/:locale/guide/[city]","en","100","100","100",""
"/en/guide/seoul","/:locale/guide/[city]","en","100","100","100",""
"/en/guide/sydney","/:locale/guide/[city]","en","100","100","100",""
"/en/guide/tokyo","/:locale/guide/[city]","en","100","100","100",""
"/en/hosted","/:locale/hosted","en","100","100","100",""
"/en/programs","/:locale/programs","en","93","93","93","long static journey without editorial pacing"
"/en/programs/domestic","/:locale/programs/domestic","en","97","93","100","long static journey without editorial pacing"
"/en/programs/global","/:locale/programs/global","en","93","93","93","long static journey without editorial pacing"
"/en/programs/golf","/:locale/programs/golf","en","100","100","100",""
"/en/programs/healing","/:locale/programs/healing","en","100","100","100",""
"/en/programs/local","/:locale/programs/local","en","100","100","100",""
"/en/programs/market","/:locale/programs/market","en","100","100","100",""
"/en/programs/networking","/:locale/programs/networking","en","100","100","100",""
"/en/programs/onsen","/:locale/programs/onsen","en","100","100","100",""
"/en/programs/sports","/:locale/programs/sports","en","100","100","100",""
"/en/programs/support","/:locale/programs/support","en","93","93","93","long static journey without editorial pacing"
"/en/programs/support/busan-workation","/:locale/programs/support/[slug]","en","100","100","100",""
"/en/programs/support/calendar","/:locale/programs/support/calendar","en","100","100","100",""
"/en/programs/support/cheongju-miwon-forest","/:locale/programs/support/[slug]","en","100","100","100",""
"/en/programs/support/chungnam-month","/:locale/programs/support/[slug]","en","100","100","100",""
"/en/programs/support/eochon-workation","/:locale/programs/support/[slug]","en","100","100","100",""
"/en/programs/support/gangjin-fuso","/:locale/programs/support/[slug]","en","100","100","100",""
"/en/programs/support/gangwon-workation","/:locale/programs/support/[slug]","en","100","100","100",""
"/en/programs/support/gyeongbuk-worcation","/:locale/programs/support/[slug]","en","100","100","100",""
"/en/programs/support/gyeonggi-healing-worcation","/:locale/programs/support/[slug]","en","100","100","100",""
"/en/programs/support/gyeongnam-gimhae","/:locale/programs/support/[slug]","en","100","100","100",""
"/en/programs/support/gyeongnam-hamyang","/:locale/programs/support/[slug]","en","100","100","100",""
"/en/programs/support/gyeongnam-namhae","/:locale/programs/support/[slug]","en","100","100","100",""
"/en/programs/support/gyeongnam-tongyeong","/:locale/programs/support/[slug]","en","100","100","100",""
"/en/programs/support/half-price-travel","/:locale/programs/support/half-price-travel","en","100","100","100",""
"/en/programs/support/incheon-workation","/:locale/programs/support/[slug]","en","100","100","100",""
"/en/programs/support/jeju-voucher","/:locale/programs/support/[slug]","en","100","100","100",""
"/en/programs/support/jeonbuk-worcation","/:locale/programs/support/[slug]","en","100","100","100",""
"/en/programs/support/jeonnam-blue-worcation","/:locale/programs/support/[slug]","en","100","100","100",""
"/en/programs/support/muan-jeonnam","/:locale/programs/support/[slug]","en","100","100","100",""
"/en/programs/support/rural-living","/:locale/programs/support/[slug]","en","100","100","100",""
"/en/programs/support/ulsan-ucation","/:locale/programs/support/[slug]","en","100","100","100",""
"/en/programs/support/yeongdeok-worcation","/:locale/programs/support/[slug]","en","100","100","100",""
"/en/select","/:locale/select","en","93","93","93","long static journey without editorial pacing"
"/en/select/activity","/:locale/select/activity","en","100","100","100",""
"/en/select/esim","/:locale/select/esim","en","100","100","100",""
"/en/select/hotel","/:locale/select/hotel","en","93","93","93","long static journey without editorial pacing"
"/en/select/learn","/:locale/select/learn","en","100","100","100",""
"/experiences/itoshima-photo-bus-tour","/experiences/[slug]","ko","93","93","93","long static journey without editorial pacing"
"/growth","/growth","ko","100","100","100",""
"/guide","/guide","ko","100","100","100",""
"/guide/bali","/guide/[city]","ko","100","100","100",""
"/guide/busan","/guide/[city]","ko","100","100","100",""
"/guide/cebu","/guide/[city]","ko","100","100","100",""
"/guide/chiangmai","/guide/[city]","ko","100","100","100",""
"/guide/danang","/guide/[city]","ko","100","100","100",""
"/guide/fukuoka","/guide/[city]","ko","100","100","100",""
"/guide/jeju","/guide/[city]","ko","100","100","100",""
"/guide/osaka","/guide/[city]","ko","100","100","100",""
"/guide/seoul","/guide/[city]","ko","100","100","100",""
"/guide/sydney","/guide/[city]","ko","100","100","100",""
"/guide/tokyo","/guide/[city]","ko","100","100","100",""
"/hosted","/hosted","ko","100","100","100",""
"/infrastructure","/infrastructure","ko","100","100","100",""
"/ja","/:locale","ja","85","85","85","5 simultaneous infinite animations | 5 repeated image placements"
"/ja/campaign/korea-weekend","/:locale/campaign/korea-weekend","ja","97","93","100","long static journey without editorial pacing"
"/ja/collections","/:locale/collections","ja","100","100","100",""
"/ja/collections/bali-monthstay","/:locale/collections/[slug]","ja","100","100","100",""
"/ja/collections/busan-weekend","/:locale/collections/[slug]","ja","100","100","100",""
"/ja/collections/chiangmai-nomad","/:locale/collections/[slug]","ja","100","100","100",""
"/ja/collections/chuseok-short-haul","/:locale/collections/[slug]","ja","100","100","100",""
"/ja/collections/fukuoka-3n4d","/:locale/collections/[slug]","ja","100","100","100",""
"/ja/collections/japan-onsen-reset","/:locale/collections/[slug]","ja","100","100","100",""
"/ja/collections/osaka-foodie","/:locale/collections/[slug]","ja","100","100","100",""
"/ja/collections/osaka-friends","/:locale/collections/[slug]","ja","100","100","100",""
"/ja/collections/seoul-3n4d","/:locale/collections/[slug]","ja","100","100","100",""
"/ja/collections/singapore-business","/:locale/collections/[slug]","ja","100","100","100",""
"/ja/collections/taipei-workation","/:locale/collections/[slug]","ja","100","100","100",""
"/ja/collections/tokyo-allinone","/:locale/collections/[slug]","ja","100","100","100",""
"/ja/destinations","/:locale/destinations","ja","100","100","100",""
"/ja/destinations/bali","/:locale/destinations/[city]","ja","100","100","100",""
"/ja/destinations/cebu","/:locale/destinations/[city]","ja","88","75","100","horizontal overflow | long static journey without editorial pacing"
"/ja/destinations/chiangmai","/:locale/destinations/[city]","ja","100","100","100",""
"/ja/destinations/compare","/:locale/destinations/compare","ja","100","100","100",""
"/ja/destinations/danang","/:locale/destinations/[city]","ja","100","100","100",""
"/ja/destinations/fukuoka","/:locale/destinations/[city]","ja","88","75","100","horizontal overflow | long static journey without editorial pacing"
"/ja/destinations/osaka","/:locale/destinations/[city]","ja","100","100","100",""
"/ja/destinations/sydney","/:locale/destinations/[city]","ja","88","75","100","horizontal overflow | long static journey without editorial pacing"
"/ja/destinations/tokyo","/:locale/destinations/[city]","ja","100","100","100",""
"/ja/experiences/itoshima-photo-bus-tour","/:locale/experiences/[slug]","ja","93","93","93","long static journey without editorial pacing"
"/ja/guide","/:locale/guide","ja","100","100","100",""
"/ja/guide/bali","/:locale/guide/[city]","ja","100","100","100",""
"/ja/guide/busan","/:locale/guide/[city]","ja","100","100","100",""
"/ja/guide/cebu","/:locale/guide/[city]","ja","100","100","100",""
"/ja/guide/chiangmai","/:locale/guide/[city]","ja","100","100","100",""
"/ja/guide/danang","/:locale/guide/[city]","ja","100","100","100",""
"/ja/guide/fukuoka","/:locale/guide/[city]","ja","100","100","100",""
"/ja/guide/jeju","/:locale/guide/[city]","ja","100","100","100",""
"/ja/guide/osaka","/:locale/guide/[city]","ja","100","100","100",""
"/ja/guide/seoul","/:locale/guide/[city]","ja","100","100","100",""
"/ja/guide/sydney","/:locale/guide/[city]","ja","100","100","100",""
"/ja/guide/tokyo","/:locale/guide/[city]","ja","100","100","100",""
"/ja/hosted","/:locale/hosted","ja","100","100","100",""
"/ja/programs","/:locale/programs","ja","93","93","93","long static journey without editorial pacing"
"/ja/programs/domestic","/:locale/programs/domestic","ja","100","100","100",""
"/ja/programs/global","/:locale/programs/global","ja","93","93","93","long static journey without editorial pacing"
"/ja/programs/golf","/:locale/programs/golf","ja","100","100","100",""
"/ja/programs/healing","/:locale/programs/healing","ja","100","100","100",""
"/ja/programs/local","/:locale/programs/local","ja","100","100","100",""
"/ja/programs/market","/:locale/programs/market","ja","100","100","100",""
"/ja/programs/networking","/:locale/programs/networking","ja","100","100","100",""
"/ja/programs/onsen","/:locale/programs/onsen","ja","100","100","100",""
"/ja/programs/sports","/:locale/programs/sports","ja","100","100","100",""
"/ja/programs/support","/:locale/programs/support","ja","93","93","93","long static journey without editorial pacing"
"/ja/programs/support/busan-workation","/:locale/programs/support/[slug]","ja","100","100","100",""
"/ja/programs/support/calendar","/:locale/programs/support/calendar","ja","100","100","100",""
"/ja/programs/support/cheongju-miwon-forest","/:locale/programs/support/[slug]","ja","100","100","100",""
"/ja/programs/support/chungnam-month","/:locale/programs/support/[slug]","ja","100","100","100",""
"/ja/programs/support/eochon-workation","/:locale/programs/support/[slug]","ja","100","100","100",""
"/ja/programs/support/gangjin-fuso","/:locale/programs/support/[slug]","ja","100","100","100",""
"/ja/programs/support/gangwon-workation","/:locale/programs/support/[slug]","ja","100","100","100",""
"/ja/programs/support/gyeongbuk-worcation","/:locale/programs/support/[slug]","ja","100","100","100",""
"/ja/programs/support/gyeonggi-healing-worcation","/:locale/programs/support/[slug]","ja","100","100","100",""
"/ja/programs/support/gyeongnam-gimhae","/:locale/programs/support/[slug]","ja","100","100","100",""
"/ja/programs/support/gyeongnam-hamyang","/:locale/programs/support/[slug]","ja","100","100","100",""
"/ja/programs/support/gyeongnam-namhae","/:locale/programs/support/[slug]","ja","100","100","100",""
"/ja/programs/support/gyeongnam-tongyeong","/:locale/programs/support/[slug]","ja","100","100","100",""
"/ja/programs/support/half-price-travel","/:locale/programs/support/half-price-travel","ja","100","100","100",""
"/ja/programs/support/incheon-workation","/:locale/programs/support/[slug]","ja","100","100","100",""
"/ja/programs/support/jeju-voucher","/:locale/programs/support/[slug]","ja","100","100","100",""
"/ja/programs/support/jeonbuk-worcation","/:locale/programs/support/[slug]","ja","100","100","100",""
"/ja/programs/support/jeonnam-blue-worcation","/:locale/programs/support/[slug]","ja","100","100","100",""
"/ja/programs/support/muan-jeonnam","/:locale/programs/support/[slug]","ja","100","100","100",""
"/ja/programs/support/rural-living","/:locale/programs/support/[slug]","ja","100","100","100",""
"/ja/programs/support/ulsan-ucation","/:locale/programs/support/[slug]","ja","100","100","100",""
"/ja/programs/support/yeongdeok-worcation","/:locale/programs/support/[slug]","ja","100","100","100",""
"/ja/select","/:locale/select","ja","93","93","93","long static journey without editorial pacing"
"/ja/select/activity","/:locale/select/activity","ja","100","100","100",""
"/ja/select/esim","/:locale/select/esim","ja","100","100","100",""
"/ja/select/hotel","/:locale/select/hotel","ja","93","93","93","long static journey without editorial pacing"
"/ja/select/learn","/:locale/select/learn","ja","100","100","100",""
"/ja/trip-match","/:locale/trip-match","ja","100","100","100",""
"/ja/trip-match/result","/:locale/trip-match/result","ja","100","100","100",""
"/language","/language","ko","100","100","100",""
"/learn","/learn","ko","100","100","100",""
"/login","/login","ko","100","100","100",""
"/moments","/moments","ko","100","100","100",""
"/moments/submit","/moments/submit","ko","100","100","100",""
"/mypage","/mypage","ko","100","100","100",""
"/partnership","/partnership","ko","97","93","100","long static journey without editorial pacing"
"/privacy","/privacy","ko","100","100","100",""
"/programs","/programs","ko","93","93","93","long static journey without editorial pacing"
"/programs/domestic","/programs/domestic","ko","100","100","100",""
"/programs/domestic/jeongseon-train","/programs/domestic/jeongseon-train","ko","100","100","100",""
"/programs/global","/programs/global","ko","93","93","93","long static journey without editorial pacing"
"/programs/global/manado","/programs/global/manado","ko","100","100","100",""
"/programs/golf","/programs/golf","ko","100","100","100",""
"/programs/healing","/programs/healing","ko","100","100","100",""
"/programs/local","/programs/local","ko","100","100","100",""
"/programs/market","/programs/market","ko","100","100","100",""
"/programs/networking","/programs/networking","ko","100","100","100",""
"/programs/onsen","/programs/onsen","ko","100","100","100",""
"/programs/sports","/programs/sports","ko","100","100","100",""
"/programs/support","/programs/support","ko","93","93","93","long static journey without editorial pacing"
"/programs/support/busan-workation","/programs/support/[slug]","ko","100","100","100",""
"/programs/support/calendar","/programs/support/calendar","ko","100","100","100",""
"/programs/support/cheongju-miwon-forest","/programs/support/[slug]","ko","100","100","100",""
"/programs/support/chungnam-month","/programs/support/[slug]","ko","100","100","100",""
"/programs/support/eochon-workation","/programs/support/[slug]","ko","100","100","100",""
"/programs/support/gangjin-fuso","/programs/support/[slug]","ko","100","100","100",""
"/programs/support/gangwon-workation","/programs/support/[slug]","ko","100","100","100",""
"/programs/support/gyeongbuk-worcation","/programs/support/[slug]","ko","100","100","100",""
"/programs/support/gyeonggi-healing-worcation","/programs/support/[slug]","ko","100","100","100",""
"/programs/support/gyeongnam-gimhae","/programs/support/[slug]","ko","100","100","100",""
"/programs/support/gyeongnam-hamyang","/programs/support/[slug]","ko","100","100","100",""
"/programs/support/gyeongnam-namhae","/programs/support/[slug]","ko","100","100","100",""
"/programs/support/gyeongnam-tongyeong","/programs/support/[slug]","ko","100","100","100",""
"/programs/support/half-price-travel","/programs/support/half-price-travel","ko","100","100","100",""
"/programs/support/incheon-workation","/programs/support/[slug]","ko","100","100","100",""
"/programs/support/jeju-voucher","/programs/support/[slug]","ko","100","100","100",""
"/programs/support/jeonbuk-worcation","/programs/support/[slug]","ko","100","100","100",""
"/programs/support/jeonnam-blue-worcation","/programs/support/[slug]","ko","100","100","100",""
"/programs/support/muan-jeonnam","/programs/support/[slug]","ko","100","100","100",""
"/programs/support/register","/programs/support/register","ko","100","100","100",""
"/programs/support/rural-living","/programs/support/[slug]","ko","100","100","100",""
"/programs/support/ulsan-ucation","/programs/support/[slug]","ko","100","100","100",""
"/programs/support/yeongdeok-worcation","/programs/support/[slug]","ko","100","100","100",""
"/report/yangyang","/report/yangyang","ko","100","100","100",""
"/select","/select","ko","93","93","93","long static journey without editorial pacing"
"/select/activity","/select/activity","ko","100","100","100",""
"/select/esim","/select/esim","ko","100","100","100",""
"/select/hotel","/select/hotel","ko","93","93","93","long static journey without editorial pacing"
"/select/learn","/select/learn","ko","100","100","100",""
"/signup","/signup","ko","100","100","100",""
"/stories","/stories","ko","100","100","100",""
"/terms","/terms","ko","100","100","100",""
"/tools/diagnosis","/tools/diagnosis","ko","100","100","100",""
"/trip-match","/trip-match","ko","100","100","100",""
"/trip-match/result","/trip-match/result","ko","100","100","100",""
"/visa-ai","/visa-ai","ko","100","100","100",""
"/wishlist","/wishlist","ko","100","100","100",""
